year,cultivated_area,total_production,harvest_quantity
2015,34500,102500,96400
2016,35200,105800,99800
2017,33000,98000,92000
2018,36500,112300,105600
2019,37800,118500,111000
2020,39500,124800,117200
2021,41000,129500,121800
2022,36800,110200,102900
2023,42500,134600,126200
2024,43800,139800,131100
