year,fertilizer_price,seed_cost,pesticide_cost
2015,95,65,1800
2016,100,68,1900
2017,105,70,2100
2018,110,75,2400
2019,120,82,2800
2020,135,90,3200
2021,150,105,3700
2022,360,150,6500
2023,330,170,7200
2024,300,185,7600
